Año,Trimestre,Comunidad Autónoma,Total,Activos,Ocupados,Parados,Parados que buscan primer empleo,Inactivos
2016,1,Andalucía,6881600,4003500,2814300,1189200,101000,2878100
2015,4,Andalucía,6879800,4017700,2819400,1198300,108000,2862200
2015,3,Andalucía,6883400,4040000,2758100,1281900,126600,2843400
2015,2,Andalucía,6879800,4068900,2808500,1260500,123300,2810800
2015,1,Andalucía,6874000,4042900,2683700,1359100,120200,2831100
2014,4,Andalucía,6870800,4077600,2681800,1395700,129500,2793200
2014,3,Andalucía,6870200,4030100,2611000,1419100,136100,2840100
2014,2,Andalucía,6864900,4031000,2630700,1400300,125200,2833900
2014,1,Andalucía,6853600,4016000,2612700,1403400,121300,2837500
2013,4,Andalucía,6853800,4033500,2571000,1462500,129300,2820300
2013,3,Andalucía,6854700,4008500,2557700,1450800,134400,2846200
2013,2,Andalucía,6858700,4057000,2609800,1447200,118900,2801800
2013,1,Andalucía,6858600,4029200,2547500,1481700,118200,2829500
2012,4,Andalucía,6857900,4051200,2604400,1446800,121400,2806700
2012,3,Andalucía,6853600,4052100,2625400,1426700,130800,2801600
2012,2,Andalucía,6849400,4045500,2686800,1358700,124300,2803900
2012,1,Andalucía,6846600,4031800,2705300,1326500,104600,2814800
2011,4,Andalucía,6843300,4021900,2774900,1247000,99700,2821500
2011,3,Andalucía,6832700,4001600,2773700,1227900,100800,2831100
2011,2,Andalucía,6823600,3984200,2810700,1173500,93800,2839400
2011,1,Andalucía,6814400,4010100,2832500,1177600,86700,2804300
2010,4,Andalucía,6805600,3985600,2868200,1117400,84200,2820100
2010,3,Andalucía,6794200,3964300,2839300,1125100,91400,2829800
2010,2,Andalucía,6783500,3982800,2882700,1100200,79000,2800700
2010,1,Andalucía,6771600,3983100,2905600,1077400,72200,2788600
2009,4,Andalucía,6760500,3936000,2901900,1034100,75400,2824600
2009,3,Andalucía,6746500,3891100,2898400,992700,68800,2855400
2009,2,Andalucía,6732700,3937300,2942900,994400,71500,2795400
2009,1,Andalucía,6718300,3925100,2985500,939600,64500,2793200
2008,4,Andalucía,6705200,3903800,3058200,845600,60600,2801400
2008,3,Andalucía,6686700,3852600,3150900,701700,63400,2834100
2008,2,Andalucía,6667700,3811900,3195800,616100,48900,2855900
2008,1,Andalucía,6646100,3799500,3237800,561700,50600,2846500
2007,4,Andalucía,6623600,3763100,3237700,525400,51100,2860500
2007,3,Andalucía,6594500,3714000,3247300,466700,52200,2880500
2007,2,Andalucía,6569400,3700000,3257700,442300,54300,2869400
2007,1,Andalucía,6541800,3671600,3211800,459700,44100,2870200
2006,4,Andalucía,6511700,3618000,3176000,442000,46300,2893700
2006,3,Andalucía,6484400,3590500,3144100,446400,53800,2893900
2006,2,Andalucía,6459300,3581000,3132300,448700,55800,2878300
2006,1,Andalucía,6433800,3577900,3101600,476300,60300,2855900
2005,4,Andalucía,6409500,3550500,3060600,489900,64800,2859000
2005,3,Andalucía,6382000,3485000,3014500,470500,62100,2897000
2005,2,Andalucía,6355600,3462600,2987800,474800,63500,2893000
2005,1,Andalucía,6318500,3422900,2933700,489200,62400,2895600
2004,4,Andalucía,6279100,3422700,2875300,547400,74100,2856400
2004,3,Andalucía,6241300,3379100,2788700,590300,83600,2862200
2004,2,Andalucía,6216500,3330900,2752600,578300,85900,2885600
2004,1,Andalucía,6191300,3311200,2743400,567800,87100,2880000
2003,4,Andalucía,6169000,3313500,2705300,608200,94100,2855500
2003,3,Andalucía,6144100,3271000,2665900,605100,94000,2873100
2003,2,Andalucía,6121100,3241100,2659500,581700,97400,2879900
2003,1,Andalucía,6095100,3215300,2604300,611000,95000,2879800
2002,4,Andalucía,6071900,3199800,2555100,644700,104400,2872100
2002,3,Andalucía,6045800,3166900,2525400,641500,101700,2878900
2002,2,Andalucía,6022600,3177200,2585500,591700,92000,2845400
2002,1,Andalucía,5998700,3118300,2527200,591100,98700,2880400
2016,1,Aragón,1094600,647300,548300,98900,8500,447300
2015,4,Aragón,1095800,642000,548300,93700,9900,453800
2015,3,Aragón,1100300,648100,551100,97000,13300,452200
2015,2,Aragón,1101500,651600,540800,110800,14800,449900
2015,1,Aragón,1102100,644300,524500,119700,11400,457800
2014,4,Aragón,1103000,647200,526500,120700,11900,455800
2014,3,Aragón,1104900,651900,532200,119700,13600,453000
2014,2,Aragón,1105600,654200,517900,136300,13600,451500
2014,1,Aragón,1103600,649300,500900,148400,9500,454300
2013,4,Aragón,1105900,649400,515700,133700,13800,456500
2013,3,Aragón,1108700,656500,522700,133800,13800,452200
2013,2,Aragón,1111300,655200,510800,144400,11200,456100
2013,1,Aragón,1113300,660600,511800,148700,12200,452700
2012,4,Aragón,1115100,673900,547700,126100,10500,441200
2012,3,Aragón,1116400,675000,547900,127100,12400,441400
2012,2,Aragón,1117800,672500,546500,126000,7900,445300
2012,1,Aragón,1119500,665400,543200,122200,7000,454100
2011,4,Aragón,1121500,665000,553300,111700,6400,456600
2011,3,Aragón,1122500,664400,558400,106000,8200,458100
2011,2,Aragón,1123200,667300,550400,116800,9100,455900
2011,1,Aragón,1123900,658100,539400,118700,8600,465800
2010,4,Aragón,1124600,658100,550800,107200,6000,466500
2010,3,Aragón,1125100,657000,566600,90400,6800,468100
2010,2,Aragón,1125800,661300,565300,96000,5700,464500
2010,1,Aragón,1126700,671000,568700,102200,7400,455700
2009,4,Aragón,1128100,669800,578900,90900,3000,458300
2009,3,Aragón,1129000,672000,590400,81700,4300,456900
2009,2,Aragón,1129500,670400,582100,88400,3900,459000
2009,1,Aragón,1129500,674800,585000,89800,3900,454800
2008,4,Aragón,1129700,680200,614100,66000,4200,449500
2008,3,Aragón,1127900,675700,632400,43300,4000,452200
2008,2,Aragón,1124800,676000,629200,46900,5300,448800
2008,1,Aragón,1120800,667600,626900,40700,2900,453200
2007,4,Aragón,1117000,665400,631300,34100,2700,451600
2007,3,Aragón,1110200,667400,634200,33200,4800,442800
2007,2,Aragón,1104100,660400,625000,35400,4800,443700
2007,1,Aragón,1098600,639600,602800,36800,4300,459000
2006,4,Aragón,1093700,631600,600000,31500,3700,462200
2006,3,Aragón,1089300,626300,594500,31800,3500,463000
2006,2,Aragón,1085400,621500,585800,35800,3500,463900
2006,1,Aragón,1082300,608900,570600,38300,3100,473400
2005,4,Aragón,1079600,614700,579300,35400,2900,464900
2005,3,Aragón,1075700,620400,587900,32400,3500,455400
2005,2,Aragón,1072400,618700,578900,39800,4900,453700
2005,1,Aragón,1068800,605800,568500,37300,4700,463000
2004,4,Aragón,1065000,584500,552000,32500,2900,480500
2004,3,Aragón,1060500,583300,555700,27600,4100,477200
2004,2,Aragón,1057400,575400,543700,31700,5300,482000
2004,1,Aragón,1054900,575700,536500,39200,6100,479200
2003,4,Aragón,1052900,565000,528100,36900,3600,488000
2003,3,Aragón,1050500,562300,529200,33100,4400,488200
2003,2,Aragón,1048200,559900,522200,37800,5500,488300
2003,1,Aragón,1046100,552600,511800,40800,5900,493500
2002,4,Aragón,1044000,547100,511300,35800,4400,497000
2002,3,Aragón,1040700,537000,507000,29900,4600,503700
2002,2,Aragón,1037600,528800,497800,31000,3000,508800
2002,1,Aragón,1034500,521900,493600,28300,3100,512600
2016,1,"Asturias, Principado de",908100,466300,375400,90900,9400,441800
2015,4,"Asturias, Principado de",909600,471200,375400,95800,10600,438500
2015,3,"Asturias, Principado de",911200,468500,389000,79500,8300,442700
2015,2,"Asturias, Principado de",913200,461400,368400,93000,8500,451800
2015,1,"Asturias, Principado de",915500,458900,371800,87200,8700,456600
2014,4,"Asturias, Principado de",917400,473700,375200,98400,10300,443700
2014,3,"Asturias, Principado de",919400,480000,384200,95800,7900,439400
2014,2,"Asturias, Principado de",921300,474500,374700,99700,6100,446900
2014,1,"Asturias, Principado de",923600,480400,371100,109300,9100,443200
2013,4,"Asturias, Principado de",925800,484100,376200,107900,10000,441600
2013,3,"Asturias, Principado de",927400,488000,370200,117800,13400,439400
2013,2,"Asturias, Principado de",929700,481200,363000,118200,10600,448500
2013,1,"Asturias, Principado de",931900,494600,368400,126200,10400,437300
2012,4,"Asturias, Principado de",934200,489500,372900,116600,8600,444600
2012,3,"Asturias, Principado de",935700,494200,386300,107900,10600,441500
2012,2,"Asturias, Principado de",937300,493400,389200,104200,9500,443800
2012,1,"Asturias, Principado de",939300,482100,383200,98900,10900,457200
2011,4,"Asturias, Principado de",941300,487700,395800,91900,9600,453700
2011,3,"Asturias, Principado de",942000,488200,404300,83900,8600,453800
2011,2,"Asturias, Principado de",942400,493100,408500,84700,7100,449200
2011,1,"Asturias, Principado de",943000,485700,397500,88200,6600,457300
2010,4,"Asturias, Principado de",944300,486800,405900,80900,5900,457500
2010,3,"Asturias, Principado de",944800,491800,422400,69400,6900,453000
2010,2,"Asturias, Principado de",945400,490000,409900,80100,5100,455400
2010,1,"Asturias, Principado de",946400,491400,409800,81600,4600,454900
2009,4,"Asturias, Principado de",947200,488500,419500,69000,4800,458600
2009,3,"Asturias, Principado de",947200,492500,425800,66700,6900,454800
2009,2,"Asturias, Principado de",947100,493100,424300,68700,7600,454000
2009,1,"Asturias, Principado de",947500,494800,435000,59700,7200,452700
2008,4,"Asturias, Principado de",948200,497300,447600,49700,5600,450800
2008,3,"Asturias, Principado de",947400,507600,469000,38600,6500,439800
2008,2,"Asturias, Principado de",946200,499400,460200,39100,4600,446800
2008,1,"Asturias, Principado de",945400,490200,448200,42000,5800,455200
2007,4,"Asturias, Principado de",945000,478700,440400,38300,5800,466300
2007,3,"Asturias, Principado de",943800,479900,445700,34200,6100,463900
2007,2,"Asturias, Principado de",942700,475900,432600,43300,6100,466800
2007,1,"Asturias, Principado de",941900,472600,428000,44600,9200,469300
2006,4,"Asturias, Principado de",941500,468900,426200,42600,9000,472600
2006,3,"Asturias, Principado de",940900,474400,429800,44700,8700,466500
2006,2,"Asturias, Principado de",940400,471300,433200,38100,6500,469100
2006,1,"Asturias, Principado de",940600,467200,420200,47000,8500,473300
2005,4,"Asturias, Principado de",940900,460500,417600,42800,5400,480400
2005,3,"Asturias, Principado de",940500,454100,413300,40800,8500,486500
2005,2,"Asturias, Principado de",940200,451600,403400,48200,9700,488600
2005,1,"Asturias, Principado de",940500,450900,400400,50400,7000,489600
2004,4,"Asturias, Principado de",940800,432500,388200,44300,10900,508300
2004,3,"Asturias, Principado de",940500,436100,395700,40400,10300,504400
2004,2,"Asturias, Principado de",940100,435900,390800,45100,11000,504200
2004,1,"Asturias, Principado de",940100,442000,391300,50700,12100,498100
2003,4,"Asturias, Principado de",940300,443900,398900,45000,12500,496400
2003,3,"Asturias, Principado de",940000,444600,392100,52500,13800,495400
2003,2,"Asturias, Principado de",939500,426800,380600,46200,12000,512700
2003,1,"Asturias, Principado de",939300,423900,371200,52700,15200,515300
2002,4,"Asturias, Principado de",939300,421800,379100,42700,12900,517500
2002,3,"Asturias, Principado de",938800,417900,377400,40400,12100,521000
2002,2,"Asturias, Principado de",938000,413300,370800,42500,12400,524700
2002,1,"Asturias, Principado de",937600,406000,368900,37100,10700,531600
2016,1,"Balears, Illes",941100,601900,491100,110800,9300,339300
2015,4,"Balears, Illes",939300,604300,501500,102800,9100,335000
2015,3,"Balears, Illes",938700,644800,555300,89500,14000,293900
2015,2,"Balears, Illes",936000,629300,525800,103500,14300,306700
2015,1,"Balears, Illes",933800,586600,455900,130700,15900,347200
2014,4,"Balears, Illes",932900,589900,478500,111400,15600,343000
2014,3,"Balears, Illes",933700,633700,532700,101000,15700,300000
2014,2,"Balears, Illes",928200,619800,501800,118000,10300,308400
2014,1,"Balears, Illes",925700,571000,418500,152500,8900,354700
2013,4,"Balears, Illes",925200,588500,454800,133700,11000,336800
2013,3,"Balears, Illes",927400,628800,522400,106400,12000,298600
2013,2,"Balears, Illes",923300,629800,496700,133100,9400,293500
2013,1,"Balears, Illes",920800,601100,429500,171600,10600,319700
2012,4,"Balears, Illes",920900,602800,456300,146500,8400,318200
2012,3,"Balears, Illes",918100,638800,513900,124900,12600,279300
2012,2,"Balears, Illes",914600,621500,489000,132500,12600,293000
2012,1,"Balears, Illes",912800,593500,428200,165300,10600,319300
2011,4,"Balears, Illes",913200,587700,437900,149800,9700,325500
2011,3,"Balears, Illes",910800,621300,510800,110500,8500,289500
2011,2,"Balears, Illes",906900,597600,480900,116700,8700,309300
2011,1,"Balears, Illes",905400,574100,430700,143400,7400,331300
2010,4,"Balears, Illes",906000,585200,457800,127400,6200,320800
2010,3,"Balears, Illes",904700,619400,514600,104900,8300,285300
2010,2,"Balears, Illes",901600,615100,493300,121700,7700,286600
2010,1,"Balears, Illes",899900,576000,448000,128000,7400,323900
2009,4,"Balears, Illes",900300,583000,469700,113400,3400,317200
2009,3,"Balears, Illes",898300,612600,522100,90600,5200,285600
2009,2,"Balears, Illes",893800,599700,491600,108100,6700,294100
2009,1,"Balears, Illes",890600,564600,453800,110800,6600,325900
2008,4,"Balears, Illes",888700,569600,501000,68600,2700,319100
2008,3,"Balears, Illes",883400,593100,537900,55300,6400,290200
2008,2,"Balears, Illes",876000,577000,528500,48500,5700,299100
2008,1,"Balears, Illes",869800,546600,486600,60000,2300,323100
2007,4,"Balears, Illes",865600,550000,498600,51400,2500,315600
2007,3,"Balears, Illes",857600,567600,541300,26400,2300,290000
2007,2,"Balears, Illes",847900,556700,525900,30900,4100,291200
2007,1,"Balears, Illes",839200,521800,473100,48700,2300,317500
2006,4,"Balears, Illes",832900,525700,492400,33300,3000,307200
2006,3,"Balears, Illes",825000,555400,529200,26200,2000,269600
2006,2,"Balears, Illes",816000,540300,505000,35300,1900,275700
2006,1,"Balears, Illes",808500,494100,452500,41600,1500,314400
2005,4,"Balears, Illes",803800,491400,454600,36800,2400,312400
2005,3,"Balears, Illes",796800,523400,497700,25700,5700,273400
2005,2,"Balears, Illes",789300,512100,481000,31000,4600,277200
2005,1,"Balears, Illes",782500,475900,424900,50900,5100,306700
2004,4,"Balears, Illes",777500,481500,442500,38900,2800,296100
2004,3,"Balears, Illes",770400,503900,469800,34100,3200,266500
2004,2,"Balears, Illes",763400,490900,446400,44500,3600,272500
2004,1,"Balears, Illes",758600,464300,405100,59200,3900,294300
2003,4,"Balears, Illes",755500,466600,419800,46700,5500,288900
2003,3,"Balears, Illes",749000,485800,451700,34100,4500,263200
2003,2,"Balears, Illes",741600,473900,429400,44500,6700,267700
2003,1,"Balears, Illes",735100,444800,388400,56400,6800,290400
2002,4,"Balears, Illes",730100,441800,403400,38400,4000,288300
2002,3,"Balears, Illes",722400,460700,432700,28000,4600,261700
2002,2,"Balears, Illes",713900,437400,407900,29500,3200,276500
2002,1,"Balears, Illes",705100,414200,377100,37100,3200,291000
2016,1,Canarias,1796500,1097100,811800,285200,17100,699400
2015,4,Canarias,1795900,1110400,813300,297100,26400,685500
2015,3,Canarias,1798300,1110700,793500,317200,35100,687700
2015,2,Canarias,1795200,1110800,774200,336500,33300,684500
2015,1,Canarias,1791500,1115000,771500,343500,28800,676500
2014,4,Canarias,1788500,1100800,758700,342200,33600,687700
2014,3,Canarias,1784300,1086200,723900,362300,33900,698100
2014,2,Canarias,1781000,1091900,735100,356900,33200,689100
2014,1,Canarias,1777200,1093600,737600,356000,34000,683700
2013,4,Canarias,1774100,1104000,738700,365300,46700,670100
2013,3,Canarias,1770300,1103300,719800,383500,43500,667000
2013,2,Canarias,1767500,1087500,725000,362400,29000,680100
2013,1,Canarias,1764000,1109600,735200,374400,32100,654400
2012,4,Canarias,1759500,1100600,741800,358800,32100,658900
2012,3,Canarias,1752600,1106100,738700,367400,34000,646500
2012,2,Canarias,1747900,1101000,741000,360000,30100,646800
2012,1,Canarias,1743700,1103100,752500,350600,25300,640600
2011,4,Canarias,1739700,1086400,756900,329500,26600,653300
2011,3,Canarias,1733600,1092600,774900,317700,33800,641000
2011,2,Canarias,1728200,1093900,772400,321500,30600,634300
2011,1,Canarias,1723600,1074900,770500,304400,22000,648700
2010,4,Canarias,1718800,1064500,758100,306400,20400,654300
2010,3,Canarias,1713500,1059700,756700,303000,20100,653800
2010,2,Canarias,1708900,1053400,744600,308800,21900,655500
2010,1,Canarias,1705000,1062300,767900,294400,16900,642700
2009,4,Canarias,1700300,1064700,779700,285100,16500,635600
2009,3,Canarias,1695000,1051200,781800,269400,14200,643800
2009,2,Canarias,1690800,1030200,765400,264800,12700,660600
2009,1,Canarias,1686300,1043100,772900,270200,19300,643200
2008,4,Canarias,1681200,1026200,810900,215400,15200,655000
2008,3,Canarias,1673900,1017500,840900,176600,16100,656400
2008,2,Canarias,1666400,1011600,850500,161100,15300,654800
2008,1,Canarias,1658200,1004600,857400,147200,12800,653600
2007,4,Canarias,1648900,998500,889700,108800,8500,650300
2007,3,Canarias,1637900,993400,886100,107300,11100,644500
2007,2,Canarias,1628300,997100,898700,98400,10700,631200
2007,1,Canarias,1618400,991800,890100,101600,11400,626600
2006,4,Canarias,1607900,975700,864800,110900,12500,632200
2006,3,Canarias,1597200,983900,867700,116200,13500,613200
2006,2,Canarias,1587200,972400,862800,109600,11000,614700
2006,1,Canarias,1577300,959800,844300,115500,10800,617600
2005,4,Canarias,1567500,942600,840000,102600,13300,624900
2005,3,Canarias,1556700,922300,820600,101700,13800,634400
2005,2,Canarias,1547100,913400,802200,111200,14700,633700
2005,1,Canarias,1535700,916700,800000,116800,14000,619000
2004,4,Canarias,1524200,898600,802000,96600,14800,625600
2004,3,Canarias,1511500,886000,784600,101500,13500,625500
2004,2,Canarias,1500600,886000,773500,112500,14400,614600
2004,1,Canarias,1489700,885500,772200,113300,12000,604200
2003,4,Canarias,1479800,883600,777300,106400,17600,596200
2003,3,Canarias,1468400,860600,764200,96400,14700,607800
2003,2,Canarias,1457700,854500,756900,97700,14800,603100
2003,1,Canarias,1446900,839700,750000,89700,15100,607100
2002,4,Canarias,1436500,831400,737300,94100,14200,605100
2002,3,Canarias,1425000,814400,723900,90500,14800,610600
2002,2,Canarias,1413700,807100,715700,91400,13200,606600
2002,1,Canarias,1401900,800200,715600,84600,10200,601700
2016,1,Cantabria,492000,273900,222100,51800,4500,218100
2015,4,Cantabria,492400,274600,226000,48600,3300,217800
2015,3,Cantabria,493400,278700,233600,45100,4400,214700
2015,2,Cantabria,494200,276200,226100,50100,4900,218000
2015,1,Cantabria,494500,277900,226300,51500,3400,216700
2014,4,Cantabria,495000,278000,226800,51200,4100,217000
2014,3,Cantabria,495500,284100,230000,54100,5900,211300
2014,2,Cantabria,496000,279300,225500,53800,5100,216700
2014,1,Cantabria,496300,278600,220200,58400,5000,217700
2013,4,Cantabria,497000,282100,226200,55900,7400,214900
2013,3,Cantabria,497700,279800,227100,52700,7400,217900
2013,2,Cantabria,498400,277400,215600,61800,6700,221000
2013,1,Cantabria,499200,279200,221000,58300,5100,219900
2012,4,Cantabria,500000,285400,230600,54700,4500,214600
2012,3,Cantabria,500700,283000,238300,44700,4600,217800
2012,2,Cantabria,501200,282700,233500,49200,4400,218500
2012,1,Cantabria,502000,288700,234600,54200,3700,213200
2011,4,Cantabria,502600,285300,239900,45400,3900,217300
2011,3,Cantabria,502500,287500,246900,40600,3900,215100
2011,2,Cantabria,502300,282600,240600,42000,3500,219600
2011,1,Cantabria,502100,278800,233400,45400,3400,223300
2010,4,Cantabria,502300,280500,239400,41200,2900,221800
2010,3,Cantabria,502300,279800,246000,33800,2800,222500
2010,2,Cantabria,501900,285500,246300,39200,2800,216300
2010,1,Cantabria,501800,281300,241000,40300,3100,220400
2009,4,Cantabria,501700,281700,245900,35800,3600,220000
2009,3,Cantabria,501300,286300,254700,31700,3200,214900
2009,2,Cantabria,500600,285900,252500,33400,2200,214800
2009,1,Cantabria,499900,288200,251900,36200,3000,211700
2008,4,Cantabria,499300,285200,260100,25100,2100,214100
2008,3,Cantabria,498200,285900,267800,18100,2100,212300
2008,2,Cantabria,496400,283800,263600,20200,2200,212700
2008,1,Cantabria,495000,283800,265600,18200,1900,211200
2007,4,Cantabria,494100,280100,266900,13200,1300,214000
2007,3,Cantabria,492100,280500,264700,15700,2100,211700
2007,2,Cantabria,490100,277200,259400,17800,3500,212900
2007,1,Cantabria,488500,274900,255300,19600,2100,213600
2006,4,Cantabria,487100,272100,256100,16000,2700,215000
2006,3,Cantabria,485500,271600,254300,17400,3700,213800
2006,2,Cantabria,483800,266600,249200,17400,2900,217200
2006,1,Cantabria,482600,266400,247600,18800,2000,216200
2005,4,Cantabria,481800,267500,246100,21400,2800,214300
2005,3,Cantabria,480800,266400,247600,18800,2800,214300
2005,2,Cantabria,479300,261800,238000,23900,4300,217500
2005,1,Cantabria,477800,258200,232800,25400,2500,219700
2004,4,Cantabria,476700,254800,226500,28300,4600,222000
2004,3,Cantabria,475200,254300,231000,23300,5100,220900
2004,2,Cantabria,473700,253400,226700,26700,4400,220300
2004,1,Cantabria,472400,251900,223100,28800,5200,220400
2003,4,Cantabria,471200,253000,226600,26400,5000,218200
2003,3,Cantabria,469800,251100,223800,27300,7100,218700
2003,2,Cantabria,468300,246500,221100,25400,6700,221800
2003,1,Cantabria,466900,238300,214300,24000,6100,228500
2002,4,Cantabria,465700,240500,215000,25400,7400,225300
2002,3,Cantabria,464200,236600,212300,24200,8300,227600
2002,2,Cantabria,462900,234700,211900,22800,6800,228100
2002,1,Cantabria,461800,230100,208200,21900,6800,231700
2016,1,Castilla y León,2083400,1142100,932800,209400,20000,941300
2015,4,Castilla y León,2087700,1145300,943900,201400,19300,942400
2015,3,Castilla y León,2095700,1150000,959200,190800,27000,945800
2015,2,Castilla y León,2100200,1152400,939300,213100,23200,947800
2015,1,Castilla y León,2100200,1147000,913300,233700,23900,953200
2014,4,Castilla y León,2104000,1155300,921000,234300,25200,948700
2014,3,Castilla y León,2108800,1165200,939200,226000,24800,943600
2014,2,Castilla y León,2112700,1164700,918100,246600,21400,948000
2014,1,Castilla y León,2116300,1158900,901500,257400,21400,957400
2013,4,Castilla y León,2122000,1165700,909000,256700,23800,956300
2013,3,Castilla y León,2126600,1173400,928000,245400,25100,953300
2013,2,Castilla y León,2132900,1170800,921000,249900,23400,962100
2013,1,Castilla y León,2137600,1174400,907500,266800,23600,963200
2012,4,Castilla y León,2142400,1177000,932900,244100,21800,965500
2012,3,Castilla y León,2146500,1203500,972000,231500,27300,943000
2012,2,Castilla y León,2150500,1199500,961800,237700,22300,951000
2012,1,Castilla y León,2155600,1185100,955000,230100,17500,970500
2011,4,Castilla y León,2160600,1191800,986700,205100,16500,968900
2011,3,Castilla y León,2163000,1209300,1012800,196400,21700,953700
2011,2,Castilla y León,2164900,1198800,1000900,197900,16800,966100
2011,1,Castilla y León,2167200,1186600,978800,207800,16000,980700
2010,4,Castilla y León,2169500,1195000,1006400,188600,14600,974500
2010,3,Castilla y León,2170400,1208200,1024500,183700,19500,962200
2010,2,Castilla y León,2171600,1203300,1006200,197200,17800,968300
2010,1,Castilla y León,2173400,1182600,995400,187200,14700,990800
2009,4,Castilla y León,2175200,1185900,1017400,168500,13000,989300
2009,3,Castilla y León,2176000,1184000,1028100,155900,19000,992000
2009,2,Castilla y León,2176600,1191400,1019800,171600,19400,985300
2009,1,Castilla y León,2178200,1184100,1016900,167200,15700,994100
2008,4,Castilla y León,2180100,1193700,1057600,136100,19700,986400
2008,3,Castilla y León,2179900,1198400,1084900,113500,17500,981500
2008,2,Castilla y León,2178500,1182800,1072100,110700,15100,995700
2008,1,Castilla y León,2177800,1183200,1086000,97300,11800,994600
2007,4,Castilla y León,2176600,1174900,1093400,81500,12200,1001800
2007,3,Castilla y León,2171300,1181000,1098300,82700,13800,990200
2007,2,Castilla y León,2165500,1157200,1073800,83400,12400,1008300
2007,1,Castilla y León,2160800,1147800,1063100,84700,10800,1013000
2006,4,Castilla y León,2155400,1152300,1064900,87400,12500,1003200
2006,3,Castilla y León,2151000,1157600,1070600,87000,13100,993300
2006,2,Castilla y León,2146800,1137500,1043800,93700,13700,1009400
2006,1,Castilla y León,2143600,1125800,1022900,102900,10300,1017800
2005,4,Castilla y León,2142100,1133200,1036500,96700,15100,1008900
2005,3,Castilla y León,2139400,1141400,1053700,87700,13300,998000
2005,2,Castilla y León,2136700,1120000,1023100,96900,13200,1016700
2005,1,Castilla y León,2134700,1106500,994100,112300,17700,1028200
2004,4,Castilla y León,2132900,1092800,978300,114500,19300,1040100
2004,3,Castilla y León,2129600,1091000,984400,106600,23100,1038600
2004,2,Castilla y León,2126500,1066400,949400,117000,23500,1060100
2004,1,Castilla y León,2124600,1053500,931200,122300,21300,1071100
2003,4,Castilla y León,2123600,1057500,940900,116600,22000,1066100
2003,3,Castilla y León,2121900,1066400,951000,115500,24700,1055500
2003,2,Castilla y León,2120200,1055800,937800,117900,27100,1064400
2003,1,Castilla y León,2117900,1050200,930500,119600,22500,1067700
2002,4,Castilla y León,2116000,1038300,932900,105400,20200,1077700
2002,3,Castilla y León,2113200,1045200,938300,106900,24600,1068000
2002,2,Castilla y León,2110600,1031000,921200,109800,24000,1079600
2002,1,Castilla y León,2108500,1016900,906800,110200,24200,1091500
2016,1,Castilla - La Mancha,1682600,983500,733200,250300,26400,699000
2015,4,Castilla - La Mancha,1684600,988600,741700,246800,26000,696000
2015,3,Castilla - La Mancha,1688900,990800,745800,245000,29900,698100
2015,2,Castilla - La Mancha,1691000,987500,720800,266600,32900,703600
2015,1,Castilla - La Mancha,1689500,991500,707000,284500,34300,698100
2014,4,Castilla - La Mancha,1691500,993500,710300,283100,34600,698100
2014,3,Castilla - La Mancha,1696700,1001800,716400,285400,34600,694900
2014,2,Castilla - La Mancha,1697700,1004800,716500,288200,33200,692900
2014,1,Castilla - La Mancha,1697100,1011900,705300,306600,27500,685200
2013,4,Castilla - La Mancha,1701100,1008800,716400,292400,27200,692300
2013,3,Castilla - La Mancha,1707000,1021400,721000,300400,30000,685600
2013,2,Castilla - La Mancha,1711000,1020800,712200,308600,30500,690200
2013,1,Castilla - La Mancha,1715500,1017500,699600,317800,25300,698000
2012,4,Castilla - La Mancha,1718300,1015900,710400,305500,26800,702400
2012,3,Castilla - La Mancha,1720800,1014000,730200,283800,31200,706900
2012,2,Castilla - La Mancha,1722900,1021400,726200,295100,28800,701500
2012,1,Castilla - La Mancha,1725900,1025600,744800,280800,26200,700300
2011,4,Castilla - La Mancha,1728300,1026400,774600,251800,24100,701900
2011,3,Castilla - La Mancha,1727900,1023300,793500,229800,21800,704500
2011,2,Castilla - La Mancha,1726200,1025000,787500,237600,24300,701200
2011,1,Castilla - La Mancha,1725300,1010300,786800,223500,21500,714900
2010,4,Castilla - La Mancha,1723600,1008400,789300,219100,21600,715200
2010,3,Castilla - La Mancha,1720300,998100,797700,200300,20200,722300
2010,2,Castilla - La Mancha,1717500,1000500,786600,213900,17400,717000
2010,1,Castilla - La Mancha,1715800,1001800,784200,217600,18500,714000
2009,4,Castilla - La Mancha,1714400,996800,804500,192300,15400,717500
2009,3,Castilla - La Mancha,1711100,992700,810200,182500,17500,718400
2009,2,Castilla - La Mancha,1707100,994200,798800,195400,14900,712900
2009,1,Castilla - La Mancha,1704200,990000,810100,179900,13500,714200
2008,4,Castilla - La Mancha,1701000,983700,835800,147900,14900,717300
2008,3,Castilla - La Mancha,1694600,976700,865300,111300,15000,717900
2008,2,Castilla - La Mancha,1687300,977700,873800,103900,12100,709600
2008,1,Castilla - La Mancha,1680000,961400,869300,92100,7400,718600
2007,4,Castilla - La Mancha,1672100,951700,874600,77100,7900,720400
2007,3,Castilla - La Mancha,1659300,949000,882500,66400,11200,710300
2007,2,Castilla - La Mancha,1647300,930900,857500,73400,11200,716400
2007,1,Castilla - La Mancha,1634900,915700,845500,70200,7900,719200
2006,4,Castilla - La Mancha,1620500,904300,831500,72800,8400,716100
2006,3,Castilla - La Mancha,1607300,897100,817600,79500,9600,710200
2006,2,Castilla - La Mancha,1595700,882100,802300,79800,10700,713700
2006,1,Castilla - La Mancha,1586100,871400,789300,82100,10200,714700
2005,4,Castilla - La Mancha,1577600,872700,790500,82200,10500,704900
2005,3,Castilla - La Mancha,1567700,864000,791100,72900,14700,703700
2005,2,Castilla - La Mancha,1559000,850300,770200,80000,10400,708700
2005,1,Castilla - La Mancha,1548700,822300,743200,79200,9900,726400
2004,4,Castilla - La Mancha,1539800,823600,739600,84000,11000,716200
2004,3,Castilla - La Mancha,1528500,807200,734700,72400,13800,721300
2004,2,Castilla - La Mancha,1519700,782400,712800,69600,8200,737300
2004,1,Castilla - La Mancha,1512600,784800,706600,78200,9300,727800
2003,4,Castilla - La Mancha,1506200,782000,705400,76600,10200,724200
2003,3,Castilla - La Mancha,1497600,780000,704000,76100,13300,717600
2003,2,Castilla - La Mancha,1489800,767600,690300,77300,11200,722200
2003,1,Castilla - La Mancha,1482300,756800,674100,82700,12900,725400
2002,4,Castilla - La Mancha,1474000,753900,679600,74300,12900,720100
2002,3,Castilla - La Mancha,1465100,748100,679400,68600,12100,717100
2002,2,Castilla - La Mancha,1457900,728500,660400,68100,9800,729300
2002,1,Castilla - La Mancha,1451300,715500,646000,69500,10500,735800
2016,1,Cataluña,6083400,3787500,3127600,660000,60300,2295900
2015,4,Cataluña,6077700,3770500,3101900,668600,69100,2307200
2015,3,Cataluña,6060500,3770400,3110900,659600,79500,2290100
2015,2,Cataluña,6061800,3801200,3075000,726200,91500,2260600
2015,1,Cataluña,6075200,3781300,3023200,758000,95400,2294000
2014,4,Cataluña,6076700,3804600,3048100,756500,88000,2272100
2014,3,Cataluña,6070100,3800800,3074800,726100,93300,2269200
2014,2,Cataluña,6078000,3810400,3040000,770400,82100,2267500
2014,1,Cataluña,6076300,3800900,2960700,840200,79600,2275500
2013,4,Cataluña,6093200,3838300,2998800,839500,87700,2254900
2013,3,Cataluña,6104300,3881100,3005700,875300,102400,2223200
2013,2,Cataluña,6128900,3849700,2940600,909100,98400,2279100
2013,1,Cataluña,6141800,3882200,2933200,949000,87300,2259600
2012,4,Cataluña,6155300,3887700,2962100,925600,93200,2267600
2012,3,Cataluña,6161300,3911000,3032600,878400,89500,2250300
2012,2,Cataluña,6171400,3911700,3059400,852400,84600,2259700
2012,1,Cataluña,6182500,3939100,3072500,866600,86900,2243500
2011,4,Cataluña,6193600,3940600,3136600,804100,78400,2252900
2011,3,Cataluña,6189100,3986200,3213600,772500,70900,2202900
2011,2,Cataluña,6187700,3976900,3264000,712900,68500,2210800
2011,1,Cataluña,6187300,3963300,3213000,750300,68400,2224000
2010,4,Cataluña,6189700,3947500,3242300,705200,62900,2242200
2010,3,Cataluña,6186300,3976000,3287600,688300,69800,2210300
2010,2,Cataluña,6184600,3948900,3255600,693300,71300,2235800
2010,1,Cataluña,6183500,3910800,3210900,699900,60100,2272700
2009,4,Cataluña,6184300,3903800,3243900,659800,58000,2280600
2009,3,Cataluña,6181000,3929100,3304800,624300,64600,2251900
2009,2,Cataluña,6179300,3911200,3288600,622600,50400,2268100
2009,1,Cataluña,6175600,3964600,3323900,640700,62700,2211000
2008,4,Cataluña,6169700,3957400,3492400,465000,50600,2212300
2008,3,Cataluña,6151800,3933200,3587100,346100,40700,2218600
2008,2,Cataluña,6133900,3931000,3637200,293800,32400,2203000
2008,1,Cataluña,6110900,3902100,3608700,293400,34600,2208800
2007,4,Cataluña,6087900,3873000,3621300,251700,22900,2214900
2007,3,Cataluña,6056500,3853800,3595900,257900,25600,2202600
2007,2,Cataluña,6028200,3799500,3569700,229800,17900,2228700
2007,1,Cataluña,5998600,3770100,3519400,250700,16900,2228500
2006,4,Cataluña,5970100,3762600,3515900,246800,20600,2207500
2006,3,Cataluña,5939300,3740300,3509500,230700,25300,2199100
2006,2,Cataluña,5915300,3722900,3487900,235100,24200,2192400
2006,1,Cataluña,5891500,3690300,3434500,255800,19200,2201200
2005,4,Cataluña,5871700,3673900,3430200,243700,26900,2197800
2005,3,Cataluña,5845500,3623500,3401200,222300,32400,2222000
2005,2,Cataluña,5823500,3621000,3363600,257400,34100,2202500
2005,1,Cataluña,5792700,3569300,3291100,278100,34100,2223400
2004,4,Cataluña,5763800,3535800,3206300,329500,45800,2228000
2004,3,Cataluña,5726500,3540800,3206600,334200,58300,2185700
2004,2,Cataluña,5696500,3508600,3166000,342600,52600,2187900
2004,1,Cataluña,5669700,3464300,3105200,359100,58700,2205300
2003,4,Cataluña,5645200,3456400,3120600,335800,63000,2188800
2003,3,Cataluña,5616100,3453600,3107400,346200,65800,2162400
2003,2,Cataluña,5590400,3385600,3029200,356400,67800,2204700
2003,1,Cataluña,5558300,3339800,2981100,358800,55600,2218400
2002,4,Cataluña,5527500,3282100,2933900,348200,56300,2245400
2002,3,Cataluña,5491200,3274500,2954300,320200,47600,2216700
2002,2,Cataluña,5456300,3209600,2903800,305800,37400,2246600
2002,1,Cataluña,5419400,3166700,2826100,340600,39400,2252700
2016,1,Comunitat Valenciana,4097300,2421800,1892800,529000,41100,1675400
2015,4,Comunitat Valenciana,4098600,2426000,1905600,520400,44500,1672600
2015,3,Comunitat Valenciana,4102400,2425600,1882900,542600,54000,1676800
2015,2,Comunitat Valenciana,4103500,2425600,1867100,558400,56100,1678000
2015,1,Comunitat Valenciana,4112400,2425100,1836300,588800,57400,1687300
2014,4,Comunitat Valenciana,4112600,2424800,1855400,569400,50900,1687800
2014,3,Comunitat Valenciana,4119800,2404200,1790100,614100,58000,1715700
2014,2,Comunitat Valenciana,4124000,2446300,1805500,640800,57000,1677700
2014,1,Comunitat Valenciana,4108900,2435800,1752700,683100,59400,1673100
2013,4,Comunitat Valenciana,4115500,2461900,1793500,668300,60700,1653700
2013,3,Comunitat Valenciana,4121800,2451400,1772500,678900,54000,1670400
2013,2,Comunitat Valenciana,4130500,2462700,1757800,704900,43300,1667800
2013,1,Comunitat Valenciana,4139100,2470800,1761000,709800,40000,1668300
2012,4,Comunitat Valenciana,4147100,2472200,1789400,682700,40600,1675000
2012,3,Comunitat Valenciana,4152900,2477200,1793500,683700,49700,1675600
2012,2,Comunitat Valenciana,4157200,2477900,1816100,661800,40500,1679300
2012,1,Comunitat Valenciana,4162500,2480900,1815300,665600,36300,1681600
2011,4,Comunitat Valenciana,4165800,2505300,1883200,622000,39400,1660500
2011,3,Comunitat Valenciana,4162800,2486200,1881800,604400,48900,1676700
2011,2,Comunitat Valenciana,4160100,2485900,1911700,574200,40500,1674200
2011,1,Comunitat Valenciana,4159800,2469000,1883900,585100,33500,1690800
2010,4,Comunitat Valenciana,4160400,2493300,1930500,562800,30200,1667100
2010,3,Comunitat Valenciana,4156100,2498400,1924600,573800,33200,1657700
2010,2,Comunitat Valenciana,4154200,2502800,1916100,586700,27900,1651400
2010,1,Comunitat Valenciana,4155500,2501800,1940100,561700,22200,1653700
2009,4,Comunitat Valenciana,4158500,2527600,1969300,558300,24700,1630900
2009,3,Comunitat Valenciana,4156300,2524800,1983700,541100,30600,1631500
2009,2,Comunitat Valenciana,4155600,2540600,2013000,527600,26600,1615000
2009,1,Comunitat Valenciana,4155500,2522900,2049700,473200,31400,1632600
2008,4,Comunitat Valenciana,4154400,2541100,2170600,370500,20400,1613300
2008,3,Comunitat Valenciana,4146400,2505800,2196500,309300,28900,1640500
2008,2,Comunitat Valenciana,4136800,2522400,2235000,287500,18600,1614400
2008,1,Comunitat Valenciana,4125900,2506400,2266000,240400,14100,1619500
2007,4,Comunitat Valenciana,4110500,2481000,2259100,221900,16600,1629500
2007,3,Comunitat Valenciana,4084100,2456600,2242600,214000,19400,1627500
2007,2,Comunitat Valenciana,4058800,2434500,2221600,212900,19200,1624300
2007,1,Comunitat Valenciana,4033800,2401900,2196900,205100,17500,1631800
2006,4,Comunitat Valenciana,4005500,2406000,2202000,204000,18100,1599400
2006,3,Comunitat Valenciana,3977600,2359600,2164500,195000,20700,1618000
2006,2,Comunitat Valenciana,3953500,2351400,2169000,182300,18600,1602100
2006,1,Comunitat Valenciana,3931400,2328800,2123000,205800,15300,1602500
2005,4,Comunitat Valenciana,3911300,2302400,2115200,187200,12600,1608800
2005,3,Comunitat Valenciana,3887700,2265400,2087000,178400,20200,1622300
2005,2,Comunitat Valenciana,3866500,2264500,2054600,209900,17600,1602000
2005,1,Comunitat Valenciana,3840100,2260800,2029300,231500,21700,1579400
2004,4,Comunitat Valenciana,3813900,2256500,2028300,228100,23800,1557500
2004,3,Comunitat Valenciana,3781800,2213100,1965500,247600,21800,1568800
2004,2,Comunitat Valenciana,3756400,2176800,1953300,223500,18300,1579600
2004,1,Comunitat Valenciana,3733400,2146400,1926200,220200,16000,1586900
2003,4,Comunitat Valenciana,3710800,2147100,1917900,229200,20600,1563600
2003,3,Comunitat Valenciana,3685000,2110500,1872700,237800,21900,1574500
2003,2,Comunitat Valenciana,3661900,2092300,1853300,238900,23200,1569600
2003,1,Comunitat Valenciana,3637300,2082100,1840600,241500,25200,1555200
2002,4,Comunitat Valenciana,3610100,2053100,1833300,219800,31400,1557000
2002,3,Comunitat Valenciana,3581100,2019400,1791400,228000,25300,1561700
2002,2,Comunitat Valenciana,3554700,2001400,1777500,223900,24600,1553300
2002,1,Comunitat Valenciana,3528700,1971700,1773200,198500,22100,1557000
2016,1,Extremadura,909900,504500,357500,147000,10700,405500
2015,4,Extremadura,910600,500500,360000,140500,14600,410100
2015,3,Extremadura,911400,506400,362000,144400,18100,405000
2015,2,Extremadura,912200,504300,355200,149100,17800,407900
2015,1,Extremadura,912200,501800,350100,151700,15800,410400
2014,4,Extremadura,912800,506600,354800,151800,16500,406200
2014,3,Extremadura,914500,507700,367400,140300,20400,406800
2014,2,Extremadura,915500,501900,354200,147700,17200,413600
2014,1,Extremadura,916000,499900,339200,160700,11800,416100
2013,4,Extremadura,916700,506400,342400,164100,12900,410200
2013,3,Extremadura,917500,517600,345100,172500,14500,399900
2013,2,Extremadura,917600,514800,339400,175400,13300,402800
2013,1,Extremadura,918300,516000,331900,184100,14500,402300
2012,4,Extremadura,919000,516000,340700,175300,16200,403000
2012,3,Extremadura,919100,516600,347800,168800,17600,402500
2012,2,Extremadura,919300,496900,330200,166700,12000,422400
2012,1,Extremadura,920000,499300,338900,160400,15600,420700
2011,4,Extremadura,920700,498700,357500,141300,14800,421900
2011,3,Extremadura,920200,492300,376100,116300,11000,427900
2011,2,Extremadura,919300,501000,384500,116500,14000,418300
2011,1,Extremadura,918600,503300,376900,126500,10800,415300
2010,4,Extremadura,918200,501600,381500,120100,12600,416500
2010,3,Extremadura,917300,500200,388500,111700,11600,417100
2010,2,Extremadura,916400,504500,391500,113000,10900,411900
2010,1,Extremadura,915800,490600,376800,113800,9200,425200
2009,4,Extremadura,915300,487300,383900,103400,9600,427900
2009,3,Extremadura,913800,491500,397400,94100,9900,422400
2009,2,Extremadura,912300,490900,391700,99300,8600,421400
2009,1,Extremadura,911000,491500,383600,107900,9900,419600
2008,4,Extremadura,910200,486400,398300,88100,7500,423800
2008,3,Extremadura,908600,490100,417900,72200,7800,418500
2008,2,Extremadura,906900,485700,417200,68500,7600,421200
2008,1,Extremadura,905900,477300,408200,69100,7700,428600
2007,4,Extremadura,904800,483300,411800,71500,8800,421500
2007,3,Extremadura,902300,478000,419000,59000,11100,424300
2007,2,Extremadura,900100,472100,415400,56700,7000,428000
2007,1,Extremadura,898400,474000,413600,60400,8600,424500
2006,4,Extremadura,896100,468400,407800,60600,7900,427700
2006,3,Extremadura,894000,457400,406500,50900,7800,436600
2006,2,Extremadura,891600,458400,396300,62000,8800,433200
2006,1,Extremadura,889900,458900,387100,71800,8400,431000
2005,4,Extremadura,888400,453800,385100,68800,7600,434600
2005,3,Extremadura,886600,464000,393400,70600,10300,422600
2005,2,Extremadura,884600,455300,386200,69100,8500,429300
2005,1,Extremadura,883200,455900,376700,79200,9500,427300
2004,4,Extremadura,881900,451900,372100,79800,11100,430000
2004,3,Extremadura,879400,452700,379000,73700,12600,426700
2004,2,Extremadura,877200,445000,364700,80300,9300,432200
2004,1,Extremadura,875600,433500,359700,73800,10400,442100
2003,4,Extremadura,874400,437300,362300,74900,10900,437200
2003,3,Extremadura,872900,442900,372100,70800,12300,430000
2003,2,Extremadura,871400,436700,364700,72000,9900,434700
2003,1,Extremadura,869600,433200,348500,84700,10300,436400
2002,4,Extremadura,868300,430700,349200,81400,11500,437700
2002,3,Extremadura,866700,435100,352100,83100,12200,431500
2002,2,Extremadura,865100,427100,348600,78500,11400,438000
2002,1,Extremadura,864300,428000,343300,84700,13300,436300
2016,1,Galicia,2351100,1249000,1021100,227900,17600,1102200
2015,4,Galicia,2353800,1255200,1032500,222700,20500,1098600
2015,3,Galicia,2357300,1261900,1039000,222800,24900,1095400
2015,2,Galicia,2360200,1262400,1009900,252500,24300,1097800
2015,1,Galicia,2361600,1263200,987500,275700,22800,1098300
2014,4,Galicia,2364500,1264300,1000400,263800,23500,1100200
2014,3,Galicia,2367600,1275600,1017300,258300,27500,1092000
2014,2,Galicia,2369100,1275800,991500,284300,26300,1093300
2014,1,Galicia,2373300,1279800,982800,296900,24100,1093500
2013,4,Galicia,2377200,1283500,1002600,280900,21200,1093700
2013,3,Galicia,2379700,1291000,1011800,279100,24300,1088700
2013,2,Galicia,2384100,1295700,1005400,290300,24000,1088300
2013,1,Galicia,2388100,1293500,1005600,287900,22400,1094700
2012,4,Galicia,2391800,1310700,1033800,276900,22200,1081100
2012,3,Galicia,2393800,1319300,1055800,263400,23700,1074500
2012,2,Galicia,2395700,1317900,1042000,275900,20400,1077900
2012,1,Galicia,2399200,1322900,1057000,265900,18400,1076300
2011,4,Galicia,2402600,1320200,1080400,239800,17700,1082400
2011,3,Galicia,2403200,1318800,1093900,224900,19500,1084400
2011,2,Galicia,2403400,1316400,1097500,218900,17100,1087000
2011,1,Galicia,2404800,1310800,1085500,225300,16100,1094000
2010,4,Galicia,2406800,1300100,1097000,203000,16400,1106800
2010,3,Galicia,2406900,1317500,1122500,195100,16600,1089400
2010,2,Galicia,2406400,1299600,1098300,201300,15900,1106900
2010,1,Galicia,2407300,1300400,1100200,200200,14700,1106900
2009,4,Galicia,2408700,1309800,1142200,167600,12200,1098900
2009,3,Galicia,2407600,1317300,1156200,161100,13800,1090300
2009,2,Galicia,2406000,1319600,1152900,166700,10100,1086400
2009,1,Galicia,2405600,1331300,1170300,161000,11100,1074300
2008,4,Galicia,2405500,1324100,1196400,127700,8600,1081500
2008,3,Galicia,2402600,1326700,1216400,110300,10100,1075900
2008,2,Galicia,2398900,1310200,1202200,108100,9500,1088700
2008,1,Galicia,2397200,1298100,1189800,108300,11600,1099200
2007,4,Galicia,2396600,1292400,1196000,96400,10400,1104200
2007,3,Galicia,2393100,1301700,1215400,86300,11600,1091400
2007,2,Galicia,2388800,1293100,1196100,97000,15600,1095700
2007,1,Galicia,2386700,1277000,1165700,111300,11700,1109700
2006,4,Galicia,2385000,1272100,1171800,100300,10100,1112900
2006,3,Galicia,2381700,1284800,1192700,92100,10900,1096900
2006,2,Galicia,2378300,1259000,1152600,106400,12700,1119400
2006,1,Galicia,2376800,1268000,1142400,125600,17300,1108800
2005,4,Galicia,2375700,1251700,1137300,114400,15200,1124100
2005,3,Galicia,2372800,1270100,1161000,109100,19800,1102700
2005,2,Galicia,2369200,1254700,1116300,138400,22400,1114500
2005,1,Galicia,2367400,1251700,1116600,135100,19000,1115700
2004,4,Galicia,2365600,1267700,1109600,158100,30300,1097900
2004,3,Galicia,2362500,1253900,1091800,162100,35700,1108600
2004,2,Galicia,2358400,1251500,1074600,176900,34700,1106900
2004,1,Galicia,2356400,1250900,1068000,182900,35000,1105500
2003,4,Galicia,2355700,1239600,1072700,166900,32800,1116100
2003,3,Galicia,2353200,1235600,1081300,154300,35200,1117600
2003,2,Galicia,2349900,1216700,1072200,144500,32500,1133200
2003,1,Galicia,2347800,1215600,1059200,156400,35300,1132200
2002,4,Galicia,2346500,1195600,1053500,142100,30500,1150900
2002,3,Galicia,2343300,1180600,1047700,132900,30800,1162600
2002,2,Galicia,2339300,1169000,1028100,140900,34500,1170200
2002,1,Galicia,2337000,1174600,1017300,157300,31400,1162400
2016,1,"Madrid, Comunidad de",5271200,3386400,2817000,569400,61700,1884800
2015,4,"Madrid, Comunidad de",5264200,3408500,2845700,562800,64400,1855700
2015,3,"Madrid, Comunidad de",5242400,3351600,2806400,545300,76900,1890700
2015,2,"Madrid, Comunidad de",5242800,3410800,2808300,602500,71500,1832000
2015,1,"Madrid, Comunidad de",5249800,3389400,2786600,602800,58100,1860400
2014,4,"Madrid, Comunidad de",5247600,3401400,2789000,612300,64800,1846200
2014,3,"Madrid, Comunidad de",5231200,3329800,2746200,583600,57900,1901400
2014,2,"Madrid, Comunidad de",5228900,3320300,2688500,631800,64000,1908600
2014,1,"Madrid, Comunidad de",5220200,3313000,2636100,677000,76200,1907100
2013,4,"Madrid, Comunidad de",5233100,3352000,2666400,685500,75100,1881100
2013,3,"Madrid, Comunidad de",5243200,3358000,2706200,651800,71000,1885200
2013,2,"Madrid, Comunidad de",5265900,3390000,2739000,651000,53100,1875900
2013,1,"Madrid, Comunidad de",5277800,3450400,2760700,689700,50200,1827400
2012,4,"Madrid, Comunidad de",5289600,3439900,2775400,664500,40300,1849700
2012,3,"Madrid, Comunidad de",5293200,3451900,2822500,629400,62300,1841300
2012,2,"Madrid, Comunidad de",5300800,3482200,2840800,641400,56800,1818600
2012,1,"Madrid, Comunidad de",5303000,3466400,2837300,629100,60700,1836600
2011,4,"Madrid, Comunidad de",5302900,3446700,2827600,619000,58000,1856200
2011,3,"Madrid, Comunidad de",5296400,3435200,2865400,569800,57500,1861200
2011,2,"Madrid, Comunidad de",5295600,3484100,2939900,544100,46200,1811600
2011,1,"Madrid, Comunidad de",5291000,3454800,2930300,524400,44000,1836200
2010,4,"Madrid, Comunidad de",5289400,3508600,2963200,545300,44000,1780900
2010,3,"Madrid, Comunidad de",5286600,3481900,2933000,548900,45900,1804600
2010,2,"Madrid, Comunidad de",5288800,3502200,2935600,566600,54200,1786600
2010,1,"Madrid, Comunidad de",5286000,3483600,2930100,553600,47800,1802400
2009,4,"Madrid, Comunidad de",5283700,3466000,2964000,502000,36000,1817800
2009,3,"Madrid, Comunidad de",5276700,3448500,2959500,489000,38600,1828100
2009,2,"Madrid, Comunidad de",5273400,3481400,3014700,466600,36000,1792100
2009,1,"Madrid, Comunidad de",5264800,3481800,3016500,465300,28900,1783000
2008,4,"Madrid, Comunidad de",5255400,3468900,3121200,347700,18300,1786500
2008,3,"Madrid, Comunidad de",5238100,3436600,3150600,286000,18900,1801400
2008,2,"Madrid, Comunidad de",5222600,3425800,3128800,296900,28600,1796900
2008,1,"Madrid, Comunidad de",5202200,3375600,3126100,249500,18500,1826600
2007,4,"Madrid, Comunidad de",5178200,3365300,3150000,215300,20800,1812900
2007,3,"Madrid, Comunidad de",5147500,3351900,3151800,200100,21100,1795600
2007,2,"Madrid, Comunidad de",5120100,3314800,3110300,204500,27400,1805300
2007,1,"Madrid, Comunidad de",5091300,3307900,3095100,212800,23100,1783400
2006,4,"Madrid, Comunidad de",5058300,3298300,3085300,212900,29300,1760100
2006,3,"Madrid, Comunidad de",5028500,3208400,3017000,191400,20300,1820000
2006,2,"Madrid, Comunidad de",5007500,3220900,2998400,222500,22700,1786700
2006,1,"Madrid, Comunidad de",4989200,3181800,2995000,186800,18200,1807400
2005,4,"Madrid, Comunidad de",4971900,3137000,2951900,185100,23600,1834900
2005,3,"Madrid, Comunidad de",4955900,3128700,2934200,194500,29100,1827200
2005,2,"Madrid, Comunidad de",4943800,3163100,2943000,220100,30000,1780700
2005,1,"Madrid, Comunidad de",4924200,3104700,2848100,256600,29100,1819500
2004,4,"Madrid, Comunidad de",4900600,3020900,2810900,210000,38200,1879700
2004,3,"Madrid, Comunidad de",4874000,2958100,2766200,191900,38000,1915900
2004,2,"Madrid, Comunidad de",4858400,2959500,2756500,203000,42700,1898900
2004,1,"Madrid, Comunidad de",4842200,2917700,2723600,194000,43600,1924600
2003,4,"Madrid, Comunidad de",4824700,2884200,2677600,206600,42400,1940500
2003,3,"Madrid, Comunidad de",4800200,2859100,2645400,213700,39500,1941100
2003,2,"Madrid, Comunidad de",4777300,2834000,2633900,200000,32000,1943300
2003,1,"Madrid, Comunidad de",4751300,2810800,2592500,218300,37800,1940500
2002,4,"Madrid, Comunidad de",4722900,2776900,2582800,194100,43000,1946000
2002,3,"Madrid, Comunidad de",4690900,2775400,2560300,215000,44200,1915600
2002,2,"Madrid, Comunidad de",4662500,2732100,2542000,190100,34400,1930400
2002,1,"Madrid, Comunidad de",4629300,2703700,2501100,202600,34200,1925600
2016,1,"Murcia, Región de",1182500,695800,542000,153800,17900,486800
2015,4,"Murcia, Región de",1182400,701200,536300,164900,15700,481200
2015,3,"Murcia, Región de",1182400,699700,535400,164400,22800,482700
2015,2,"Murcia, Región de",1181500,710100,534200,175900,14400,471400
2015,1,"Murcia, Región de",1182800,700300,513400,186900,14500,482500
2014,4,"Murcia, Región de",1182200,722100,525300,196900,19900,460100
2014,3,"Murcia, Región de",1182900,719800,530900,188900,19800,463100
2014,2,"Murcia, Región de",1181200,722800,541200,181600,17000,458400
2014,1,"Murcia, Región de",1181700,723400,522900,200500,13100,458300
2013,4,"Murcia, Región de",1181500,725000,518400,206600,17100,456500
2013,3,"Murcia, Región de",1180800,732800,522300,210400,16500,448100
2013,2,"Murcia, Región de",1180600,721900,514100,207800,15200,458700
2013,1,"Murcia, Región de",1180100,720100,504700,215400,12100,460000
2012,4,"Murcia, Región de",1179600,722400,510200,212200,13300,457200
2012,3,"Murcia, Región de",1179500,734100,526000,208000,14900,445500
2012,2,"Murcia, Región de",1179700,730200,539900,190300,11200,449500
2012,1,"Murcia, Región de",1179800,728300,534000,194300,11200,451500
2011,4,"Murcia, Región de",1180700,729500,537600,191900,13900,451200
2011,3,"Murcia, Región de",1180500,726500,551300,175200,15800,454100
2011,2,"Murcia, Región de",1179600,722300,549200,173200,12000,457300
2011,1,"Murcia, Región de",1178500,723700,538800,184900,12200,454800
2010,4,"Murcia, Región de",1178200,736700,556600,180100,15100,441600
2010,3,"Murcia, Región de",1177400,730900,559600,171300,10600,446500
2010,2,"Murcia, Región de",1176500,724000,573000,151000,7900,452500
2010,1,"Murcia, Región de",1175400,724300,559900,164400,7500,451100
2009,4,"Murcia, Región de",1174200,710500,555400,155100,7200,463700
2009,3,"Murcia, Región de",1172100,714000,567300,146700,7100,458200
2009,2,"Murcia, Región de",1169900,724800,580300,144500,6500,445100
2009,1,"Murcia, Región de",1167300,722300,585100,137200,7900,445000
2008,4,"Murcia, Región de",1164800,717600,607900,109700,7800,447100
2008,3,"Murcia, Región de",1160900,715800,617400,98400,9600,445200
2008,2,"Murcia, Región de",1157100,716800,635900,81000,5400,440300
2008,1,"Murcia, Región de",1152600,708900,642500,66500,4300,443700
2007,4,"Murcia, Región de",1148000,695900,638500,57400,5600,452100
2007,3,"Murcia, Región de",1141900,694500,637500,57000,8600,447400
2007,2,"Murcia, Región de",1135600,688900,644200,44700,5000,446700
2007,1,"Murcia, Región de",1128200,679700,630700,49000,5100,448500
2006,4,"Murcia, Región de",1120100,666600,614300,52300,6100,453500
2006,3,"Murcia, Región de",1112600,655500,603800,51600,5600,457100
2006,2,"Murcia, Región de",1105400,662800,609600,53200,7500,442600
2006,1,"Murcia, Región de",1098900,648600,598300,50300,6200,450300
2005,4,"Murcia, Región de",1092800,640500,592900,47600,7000,452300
2005,3,"Murcia, Región de",1086300,634100,585600,48500,5100,452200
2005,2,"Murcia, Región de",1080000,631200,580300,50900,6500,448800
2005,1,"Murcia, Región de",1069800,615900,560300,55500,6600,453900
2004,4,"Murcia, Región de",1059700,624400,562200,62200,8400,435300
2004,3,"Murcia, Región de",1049800,622600,558800,63800,7000,427200
2004,2,"Murcia, Región de",1042700,612600,545700,66800,8100,430200
2004,1,"Murcia, Región de",1036500,600900,530100,70800,9300,435600
2003,4,"Murcia, Región de",1030200,599300,534800,64500,10600,430900
2003,3,"Murcia, Región de",1023600,586300,524500,61800,13100,437300
2003,2,"Murcia, Región de",1017300,583900,526600,57300,11300,433400
2003,1,"Murcia, Región de",1010300,574300,505100,69200,13900,436100
2002,4,"Murcia, Región de",1003000,567900,502900,65000,13500,435100
2002,3,"Murcia, Región de",995800,559500,501200,58300,9800,436300
2002,2,"Murcia, Región de",988600,550500,489100,61400,11600,438200
2002,1,"Murcia, Región de",981500,548200,481600,66600,11400,433200
2016,1,"Navarra, Comunidad Foral de",521300,306500,262800,43700,5100,214700
2015,4,"Navarra, Comunidad Foral de",521100,305700,264400,41400,5500,215400
2015,3,"Navarra, Comunidad Foral de",521400,309200,267200,41900,5800,212200
2015,2,"Navarra, Comunidad Foral de",522000,305600,267300,38400,3200,216300
2015,1,"Navarra, Comunidad Foral de",521700,306100,258200,47900,5600,215600
2014,4,"Navarra, Comunidad Foral de",521800,310700,264300,46400,3400,211100
2014,3,"Navarra, Comunidad Foral de",521700,309500,263300,46200,3400,212200
2014,2,"Navarra, Comunidad Foral de",521300,311500,262000,49500,4500,209800
2014,1,"Navarra, Comunidad Foral de",520200,314100,260300,53800,3800,206100
2013,4,"Navarra, Comunidad Foral de",521000,310300,259300,51000,4900,210700
2013,3,"Navarra, Comunidad Foral de",522200,316300,259700,56700,6100,205900
2013,2,"Navarra, Comunidad Foral de",523100,314600,256700,57900,4600,208600
2013,1,"Navarra, Comunidad Foral de",524300,316900,256800,60100,5000,207400
2012,4,"Navarra, Comunidad Foral de",525200,318200,263600,54600,4400,207000
2012,3,"Navarra, Comunidad Foral de",525300,319500,271600,47800,4600,205900
2012,2,"Navarra, Comunidad Foral de",525600,321100,268700,52300,5500,204600
2012,1,"Navarra, Comunidad Foral de",526100,317700,266200,51500,4200,208500
2011,4,"Navarra, Comunidad Foral de",526700,318200,274300,43900,3000,208500
2011,3,"Navarra, Comunidad Foral de",525900,320900,283200,37700,4600,205100
2011,2,"Navarra, Comunidad Foral de",525500,321000,279700,41300,3800,204500
2011,1,"Navarra, Comunidad Foral de",525100,322500,278900,43600,2400,202600
2010,4,"Navarra, Comunidad Foral de",524800,317300,279900,37400,1500,207500
2010,3,"Navarra, Comunidad Foral de",524000,318800,278900,39900,2600,205200
2010,2,"Navarra, Comunidad Foral de",523400,321000,285700,35400,2200,202300
2010,1,"Navarra, Comunidad Foral de",522700,315000,276200,38800,1200,207700
2009,4,"Navarra, Comunidad Foral de",522000,314100,281100,33000,1300,208000
2009,3,"Navarra, Comunidad Foral de",520900,316100,283500,32600,2200,204800
2009,2,"Navarra, Comunidad Foral de",520000,320800,282300,38500,3200,199200
2009,1,"Navarra, Comunidad Foral de",519000,319300,285700,33600,1700,199800
2008,4,"Navarra, Comunidad Foral de",518100,316100,290400,25700,1000,202000
2008,3,"Navarra, Comunidad Foral de",516000,319400,296300,23200,1600,196600
2008,2,"Navarra, Comunidad Foral de",514200,315700,297400,18300,1500,198400
2008,1,"Navarra, Comunidad Foral de",512400,316800,297400,19500,2300,195500
2007,4,"Navarra, Comunidad Foral de",510400,310200,296900,13300,500,200200
2007,3,"Navarra, Comunidad Foral de",507400,309500,296200,13300,1000,198000
2007,2,"Navarra, Comunidad Foral de",504700,311700,295500,16100,1500,193100
2007,1,"Navarra, Comunidad Foral de",502300,309100,293200,15900,700,193200
2006,4,"Navarra, Comunidad Foral de",499700,305200,291200,14000,1000,194400
2006,3,"Navarra, Comunidad Foral de",497100,306800,291500,15200,1700,190400
2006,2,"Navarra, Comunidad Foral de",495100,299700,282600,17000,100,195400
2006,1,"Navarra, Comunidad Foral de",493400,298900,280300,18700,400,194500
2005,4,"Navarra, Comunidad Foral de",492100,301900,284000,17900,500,190100
2005,3,"Navarra, Comunidad Foral de",490300,293400,278000,15400,2400,196900
2005,2,"Navarra, Comunidad Foral de",489000,290600,275200,15300,1200,198400
2005,1,"Navarra, Comunidad Foral de",487600,290500,272600,17900,2000,197100
2004,4,"Navarra, Comunidad Foral de",486300,283500,268900,14600,600,202800
2004,3,"Navarra, Comunidad Foral de",484300,279500,265500,14000,1000,204800
2004,2,"Navarra, Comunidad Foral de",482800,273100,258200,14900,700,209700
2004,1,"Navarra, Comunidad Foral de",481600,277300,258700,18500,2100,204300
2003,4,"Navarra, Comunidad Foral de",480400,274900,258000,16900,2700,205500
2003,3,"Navarra, Comunidad Foral de",478900,275300,259200,16100,2900,203600
2003,2,"Navarra, Comunidad Foral de",477500,269300,254500,14800,1500,208200
2003,1,"Navarra, Comunidad Foral de",475900,264700,249700,15100,1100,211200
2002,4,"Navarra, Comunidad Foral de",474400,266200,251400,14800,1100,208200
2002,3,"Navarra, Comunidad Foral de",472400,268600,251000,17700,2000,203800
2002,2,"Navarra, Comunidad Foral de",470600,263300,249800,13600,2200,207200
2002,1,"Navarra, Comunidad Foral de",468800,263300,247400,15900,2100,205500
2016,1,País Vasco,1809400,1028400,896800,131600,15100,781000
2015,4,País Vasco,1810100,1027400,894900,132500,15400,782700
2015,3,País Vasco,1812300,1015500,875700,139700,17400,796800
2015,2,País Vasco,1814200,1029000,864600,164400,19800,785200
2015,1,País Vasco,1814100,1041500,870300,171200,15400,772600
2014,4,País Vasco,1815300,1048600,874500,174100,21700,766700
2014,3,País Vasco,1815500,1019400,864300,155000,19700,796100
2014,2,País Vasco,1816100,1038300,870800,167500,17700,777800
2014,1,País Vasco,1809000,1030500,851600,178900,15200,778500
2013,4,País Vasco,1813600,1045300,872000,173300,16500,768300
2013,3,País Vasco,1818700,1031300,861600,169700,16000,787400
2013,2,País Vasco,1827200,1050100,880100,169900,15900,777100
2013,1,País Vasco,1831600,1061900,880600,181300,16100,769700
2012,4,País Vasco,1835100,1068200,890900,177400,16100,766900
2012,3,País Vasco,1837100,1062300,889600,172700,16400,774900
2012,2,País Vasco,1839600,1077000,912300,164700,12400,762700
2012,1,País Vasco,1842900,1071200,918500,152600,7100,771800
2011,4,País Vasco,1845900,1094900,950900,144000,13800,750900
2011,3,País Vasco,1846800,1093800,957200,136600,15700,753000
2011,2,País Vasco,1847600,1086100,957700,128500,9300,761400
2011,1,País Vasco,1848800,1089200,959300,129900,8600,759600
2010,4,País Vasco,1850200,1081300,962600,118700,8800,768900
2010,3,País Vasco,1850600,1073400,965200,108200,7400,777200
2010,2,País Vasco,1851300,1086100,971000,115100,9600,765200
2010,1,País Vasco,1852100,1068200,949600,118500,10500,784000
2009,4,País Vasco,1853000,1074600,944300,130400,12700,778400
2009,3,País Vasco,1853000,1071100,944300,126900,8900,781800
2009,2,País Vasco,1853300,1073200,957700,115500,6300,780200
2009,1,País Vasco,1853300,1075400,961300,114100,9200,777900
2008,4,País Vasco,1853100,1085300,993300,92000,10000,767800
2008,3,País Vasco,1850700,1095000,1024500,70500,8200,755700
2008,2,País Vasco,1848200,1080800,1018500,62300,6800,767400
2008,1,País Vasco,1846300,1066400,1004500,61900,6200,779900
2007,4,País Vasco,1845000,1073300,1009900,63400,5100,771700
2007,3,País Vasco,1842200,1065100,999500,65600,7400,777200
2007,2,País Vasco,1840000,1069500,1003300,66200,7900,770500
2007,1,País Vasco,1837200,1062400,991800,70600,7600,774900
2006,4,País Vasco,1835000,1076100,1001700,74400,10900,758900
2006,3,País Vasco,1832100,1075200,1003200,72000,9200,756900
2006,2,País Vasco,1830200,1068200,990800,77400,10300,762100
2006,1,País Vasco,1828600,1061100,978300,82800,10600,767400
2005,4,País Vasco,1827600,1060100,991700,68400,9100,767500
2005,3,País Vasco,1825200,1037900,960100,77800,7300,787300
2005,2,País Vasco,1823600,1045800,965300,80500,11300,777800
2005,1,País Vasco,1821900,1041700,958300,83500,9500,780200
2004,4,País Vasco,1820300,1041200,944800,96400,10600,779100
2004,3,País Vasco,1817600,1033900,933500,100400,14300,783700
2004,2,País Vasco,1815800,1028300,929600,98700,13200,787500
2004,1,País Vasco,1814300,1030300,920100,110200,15800,784000
2003,4,País Vasco,1813100,1027100,925100,102000,14100,786100
2003,3,País Vasco,1811000,1025000,930000,95000,15600,786000
2003,2,País Vasco,1809500,1014000,920800,93200,14700,795500
2003,1,País Vasco,1808000,1000000,903800,96100,14700,808000
2002,4,País Vasco,1807000,1002200,905600,96700,18100,804800
2002,3,País Vasco,1804700,999100,900700,98400,19200,805700
2002,2,País Vasco,1802900,984900,894400,90500,16200,818000
2002,1,País Vasco,1801100,984000,889900,94000,16400,817100
2016,1,"Rioja, La",258900,152200,130300,21900,2200,106700
2015,4,"Rioja, La",259100,153800,132300,21500,2100,105300
2015,3,"Rioja, La",259600,152600,131900,20700,3200,107000
2015,2,"Rioja, La",260100,156300,130700,25600,3000,103800
2015,1,"Rioja, La",259900,153900,126900,27100,2700,105900
2014,4,"Rioja, La",260100,154000,127500,26400,2200,106200
2014,3,"Rioja, La",260100,159600,130500,29100,3600,100500
2014,2,"Rioja, La",260000,157300,129500,27800,2400,102700
2014,1,"Rioja, La",259700,155900,125400,30500,2300,103700
2013,4,"Rioja, La",260700,157400,125500,31900,2100,103300
2013,3,"Rioja, La",262100,157900,126800,31100,2400,104300
2013,2,"Rioja, La",263200,153900,121700,32200,2500,109300
2013,1,"Rioja, La",264200,153700,124100,29600,1600,110500
2012,4,"Rioja, La",264900,156100,126700,29400,2300,108800
2012,3,"Rioja, La",265600,158800,126200,32600,4100,106800
2012,2,"Rioja, La",266300,161800,124900,36900,4700,104600
2012,1,"Rioja, La",266800,159900,127800,32100,3000,106800
2011,4,"Rioja, La",267200,161500,131400,30100,2300,105700
2011,3,"Rioja, La",267400,165000,135800,29200,3500,102400
2011,2,"Rioja, La",267300,160200,133300,26800,2300,107200
2011,1,"Rioja, La",267400,161400,135900,25400,3100,106100
2010,4,"Rioja, La",267500,159500,134700,24900,2000,108000
2010,3,"Rioja, La",267200,162400,139700,22700,2600,104800
2010,2,"Rioja, La",267200,159400,140000,19400,2900,107900
2010,1,"Rioja, La",267400,159200,135500,23700,2600,108200
2009,4,"Rioja, La",267700,161900,139600,22300,2800,105800
2009,3,"Rioja, La",267700,160400,139600,20800,2200,107300
2009,2,"Rioja, La",267800,163200,142700,20500,2000,104600
2009,1,"Rioja, La",267900,162600,144300,18300,2900,105300
2008,4,"Rioja, La",268100,163000,147000,16000,2200,105100
2008,3,"Rioja, La",267800,162900,149400,13400,2400,104900
2008,2,"Rioja, La",267200,161000,150000,11100,1500,106100
2008,1,"Rioja, La",266400,159600,149000,10600,1500,106800
2007,4,"Rioja, La",265500,160300,150900,9400,1000,105200
2007,3,"Rioja, La",264000,154700,146300,8400,900,109300
2007,2,"Rioja, La",262600,155300,147500,7900,1300,107200
2007,1,"Rioja, La",261000,155200,144800,10400,1200,105800
2006,4,"Rioja, La",259400,155500,144800,10700,1200,103900
2006,3,"Rioja, La",258200,154100,145300,8800,500,104100
2006,2,"Rioja, La",257000,152800,143700,9200,0,104200
2006,1,"Rioja, La",256300,152700,143800,8900,800,103500
2005,4,"Rioja, La",255700,155100,144700,10400,1200,100600
2005,3,"Rioja, La",255000,152800,145500,7300,800,102200
2005,2,"Rioja, La",254200,154300,144400,9900,1700,99800
2005,1,"Rioja, La",253000,148900,137600,11400,1600,104100
2004,4,"Rioja, La",251900,142600,135900,6700,1000,109300
2004,3,"Rioja, La",250300,139400,131000,8300,1400,110900
2004,2,"Rioja, La",248800,135500,128300,7100,1000,113400
2004,1,"Rioja, La",247400,133800,123300,10500,2200,113600
2003,4,"Rioja, La",246400,130700,121800,8800,1700,115700
2003,3,"Rioja, La",244900,133600,125800,7800,1600,111300
2003,2,"Rioja, La",243600,130300,123600,6700,1400,113400
2003,1,"Rioja, La",242400,129400,121000,8400,1900,113000
2002,4,"Rioja, La",241300,126600,119500,7200,1900,114700
2002,3,"Rioja, La",239900,127700,117800,9900,1700,112100
2002,2,"Rioja, La",238700,126900,117100,9800,1100,111800
2002,1,"Rioja, La",237300,124000,115200,8700,1400,113300
2016,1,Ceuta,64800,38100,28100,10000,1300,26700
2015,4,Ceuta,64800,36200,27800,8400,1600,28600
2015,3,Ceuta,64900,39100,27200,12000,2500,25700
2015,2,Ceuta,64900,36400,27400,8900,2000,28600
2015,1,Ceuta,64800,37000,25200,11700,2100,27800
2014,4,Ceuta,64800,39400,26600,12800,2500,25400
2014,3,Ceuta,64600,38800,26400,12400,1400,25700
2014,2,Ceuta,64700,37100,25500,11700,1600,27600
2014,1,Ceuta,64300,36900,25200,11600,1500,27500
2013,4,Ceuta,64600,38300,24200,14100,2100,26300
2013,3,Ceuta,65400,38300,26400,11800,1500,27100
2013,2,Ceuta,65000,38900,25700,13200,2200,26100
2013,1,Ceuta,65000,41400,25800,15500,2400,23700
2012,4,Ceuta,65100,37600,23600,14000,3100,27500
2012,3,Ceuta,65000,38900,23800,15100,3300,26100
2012,2,Ceuta,64900,39200,24600,14700,3000,25700
2012,1,Ceuta,64700,38700,25300,13400,2700,26000
2011,4,Ceuta,64500,39500,28700,10700,2300,25000
2011,3,Ceuta,64100,35100,24200,10900,1900,29100
2011,2,Ceuta,63700,36400,26600,9800,1200,27300
2011,1,Ceuta,63300,36100,26800,9300,1700,27200
2010,4,Ceuta,63000,35300,26500,8800,1200,27700
2010,3,Ceuta,62700,34800,27200,7600,700,27900
2010,2,Ceuta,62300,35400,26200,9200,1500,26800
2010,1,Ceuta,61700,35900,27700,8200,2000,25800
2009,4,Ceuta,61300,33600,25500,8100,1700,27800
2009,3,Ceuta,60700,34700,27900,6800,1700,25900
2009,2,Ceuta,60100,34900,29500,5400,700,25300
2009,1,Ceuta,59800,36300,30700,5600,900,23400
2008,4,Ceuta,59400,34900,29400,5500,1100,24500
2008,3,Ceuta,58900,33100,27200,5900,1200,25800
2008,2,Ceuta,58600,33000,26600,6400,1400,25600
2008,1,Ceuta,58300,31800,26500,5300,1000,26500
2007,4,Ceuta,58200,32300,25800,6500,1200,25900
2007,3,Ceuta,57900,30800,24300,6500,1100,27100
2007,2,Ceuta,57700,30200,24200,6100,2200,27500
2007,1,Ceuta,57500,30500,23700,6900,1800,27000
2006,4,Ceuta,57400,28100,24100,4100,800,29300
2006,3,Ceuta,57000,30900,24800,6100,1500,26100
2006,2,Ceuta,56700,30200,23200,7000,2000,26600
2006,1,Ceuta,56600,33200,24100,9100,1400,23300
2005,4,Ceuta,56300,34000,28200,5800,1500,22400
2005,3,Ceuta,56000,33900,27900,6000,1400,22100
2005,2,Ceuta,55900,32700,25100,7500,2200,23200
2005,1,Ceuta,55800,32900,26400,6500,2000,22900
2004,4,Ceuta,55800,26900,25200,1800,300,28800
2004,3,Ceuta,55600,25800,23800,2000,200,29800
2004,2,Ceuta,55400,27100,23300,3800,1000,28300
2004,1,Ceuta,55400,28200,23900,4300,1300,27200
2003,4,Ceuta,55400,27700,25100,2700,1200,27600
2003,3,Ceuta,55200,26800,24400,2400,700,28400
2003,2,Ceuta,55100,27700,25000,2700,1000,27400
2003,1,Ceuta,55100,27400,24800,2600,600,27700
2002,4,Ceuta,55000,25100,23700,1400,500,29900
2002,3,Ceuta,55000,25600,23600,2000,1200,29300
2002,2,Ceuta,54800,24700,22800,1900,500,30200
2002,1,Ceuta,54900,23400,21800,1600,800,31400
2016,1,Melilla,62100,35300,24400,10800,3000,26900
2015,4,Melilla,62100,34600,23300,11300,2600,27500
2015,3,Melilla,62300,35900,24600,11300,3000,26400
2015,2,Melilla,62300,35800,22800,13000,2600,26500
2015,1,Melilla,61700,35900,23200,12700,2900,25900
2014,4,Melilla,61800,34400,24200,10100,2100,27400
2014,3,Melilla,61700,33400,23200,10200,1600,28300
2014,2,Melilla,61700,34000,24100,9900,1400,27700
2014,1,Melilla,60700,34100,25800,8300,1300,26600
2013,4,Melilla,61100,36300,24000,12300,2500,24800
2013,3,Melilla,61800,38100,23200,14900,3300,23800
2013,2,Melilla,61800,36000,26000,10000,1900,25800
2013,1,Melilla,62000,35500,25300,10200,1500,26500
2012,4,Melilla,62100,35200,25900,9300,1700,26800
2012,3,Melilla,61800,35700,25300,10400,2200,26100
2012,2,Melilla,61400,36000,25700,10300,2200,25400
2012,1,Melilla,61200,33200,25400,7800,1600,28000
2011,4,Melilla,60800,33200,24900,8200,1300,27600
2011,3,Melilla,60200,34500,26900,7600,1400,25800
2011,2,Melilla,59600,33300,26200,7200,1300,26300
2011,1,Melilla,59200,34800,27300,7400,1000,24400
2010,4,Melilla,58700,31900,24100,7800,1300,26800
2010,3,Melilla,58200,31700,24200,7400,2000,26600
2010,2,Melilla,57700,30600,23400,7100,1800,27100
2010,1,Melilla,57100,31300,25100,6200,1600,25900
2009,4,Melilla,56600,29800,23900,5900,1100,26800
2009,3,Melilla,56000,29700,22800,6900,1700,26300
2009,2,Melilla,55400,31200,23500,7800,1000,24200
2009,1,Melilla,55000,30000,22300,7800,900,24900
2008,4,Melilla,54600,27700,23200,4500,400,26900
2008,3,Melilla,54200,31000,23900,7000,1900,23200
2008,2,Melilla,53700,30000,24600,5400,1300,23700
2008,1,Melilla,53300,30300,23400,6900,1300,23000
2007,4,Melilla,53100,30500,25200,5300,1900,22600
2007,3,Melilla,52600,30100,24700,5400,1200,22500
2007,2,Melilla,52100,29200,22800,6300,1400,23000
2007,1,Melilla,51600,27100,22900,4300,800,24500
2006,4,Melilla,51300,27300,24600,2700,400,24000
2006,3,Melilla,50900,28000,24400,3600,700,22900
2006,2,Melilla,50400,27100,23200,4000,1000,23300
2006,1,Melilla,50200,27300,22600,4600,1300,22900
2005,4,Melilla,49900,25900,22700,3200,700,24000
2005,3,Melilla,49600,24900,21900,2900,1000,24800
2005,2,Melilla,49200,26100,22000,4100,1300,23100
2005,1,Melilla,48500,26000,21500,4500,1300,22400
2004,4,Melilla,48300,25300,22100,3200,800,23000
2004,3,Melilla,48200,28200,22600,5600,2400,20000
2004,2,Melilla,48100,27200,22500,4700,1100,20800
2004,1,Melilla,48100,27700,21900,5700,1900,20400
2003,4,Melilla,48200,27800,22300,5500,1800,20400
2003,3,Melilla,48300,22800,21300,1500,600,25500
2003,2,Melilla,48400,22700,21500,1100,500,25700
2003,1,Melilla,48600,22300,21900,400,0,26300
2002,4,Melilla,48700,23300,22400,800,700,25400
2002,3,Melilla,48800,23100,22500,600,100,25700
2002,2,Melilla,48800,22600,22600,100,100,26200
2002,1,Melilla,48900,24300,21800,2500,900,24600
